{
  "train": {
    "mae": 0.5059997970955,
    "rmse": 0.6705769145991729,
    "r2": 0.9812973299775919
  },
  "test": {
    "mae": 2.124859245410345,
    "rmse": 2.853909153516314,
    "r2": 0.6073256873122024
  }
}