{
  "train": {
    "mae": 0.5299291271263541,
    "rmse": 0.6970286790952134,
    "r2": 0.9797927269515452
  },
  "test": {
    "mae": 2.173880031651738,
    "rmse": 2.91995682566287,
    "r2": 0.5889401461315764
  }
}