{
  "train": {
    "mae": 0.5059997970954999,
    "rmse": 0.6705769145991728,
    "r2": 0.9812973299775919
  },
  "test": {
    "mae": 2.124859245410345,
    "rmse": 2.8539091535163146,
    "r2": 0.6073256873122023
  }
}